{
  "Abilene Christian": "Abilene_Christian_Wildcats.png",
  "Adams State": "Adams_State_Grizzlies.png",
  "Adrian": "Adrian_Bulldogs.png",
  "Air Force": "Air_Force_Falcons.png",
  "Akron": "Akron_Zips.png",
  "Alabama A&M": "Alabama_AandM_Bulldogs.png",
  "Alabama": "Alabama_Crimson_Tide.png",
  "Alabama State": "Alabama_State_Hornets.png",
  "Albany State GA": "Albany_State_GA_Golden_Rams.png",
  "Albright": "Albright_Lions.png",
  "Alcorn State": "Alcorn_State_Braves.png",
  "Alfred University": "Alfred_University_Saxons.png",
  "Allegheny": "Allegheny_Gators.png",
  "Allen": "Allen_Yellow_Jackets.png",
  "American International": "American_International_Yellow_Jackets.png",
  "Amherst": "Amherst_Mammoths.png",
  "Anderson (IN)": "Anderson_(IN)_Ravens.png",
  "Angelo State": "Angelo_State_Rams.png",
  "Anna Maria College": "Anna_Maria_College_Amcats.png",
  "App State": "App_State_Mountaineers.png",
  "Arizona State": "Arizona_State_Sun_Devils.png",
  "Arizona": "Arizona_Wildcats.png",
  "Arkansas": "Arkansas_Razorbacks.png",
  "Arkansas State": "Arkansas_State_Red_Wolves.png",
  "Arkansas Tech": "Arkansas_Tech_Wonder_Boys.png",
  "Arkansas-Monticello": "Arkansas-Monticello_Boll_Weevils.png",
  "Arkansas-Pine Bluff": "Arkansas-Pine_Bluff_Golden_Lions.png",
  "Army": "Army_Black_Knights.png",
  "Ashland": "Ashland_Eagles.png",
  "Assumption": "Assumption_Greyhounds.png",
  "Auburn": "Auburn_Tigers.png",
  "Augsburg": "Augsburg_Auggies.png",
  "Augustana (IL)": "Augustana_(IL)_Vikings.png",
  "Augustana University (SD)": "Augustana_University_(SD)_Vikings.png",
  "Aurora": "Aurora_Spartans.png",
  "Austin": "Austin_'Roos.png",
  "Austin Peay": "Austin_Peay_Governors.png",
  "Averett": "Averett_Cougars.png",
  "BYU": "BYU_Cougars.png",
  "Baker University": "Baker_University_Baker.png",
  "Baldwin Wallace": "Baldwin_Wallace_Yellow_Jackets.png",
  "Ball State": "Ball_State_Cardinals.png",
  "Bates": "Bates_Bobcats.png",
  "Baylor": "Baylor_Bears.png",
  "Belhaven": "Belhaven_Blazers.png",
  "Beloit": "Beloit_Buccaneers.png",
  "Bemidji State": "Bemidji_State_Beavers.png",
  "Benedict College": "Benedict_College_Tigers.png",
  "Benedictine University": "Benedictine_University_Eagles.png",
  "Bentley": "Bentley_Falcons.png",
  "Bethany (WV)": "Bethany_(WV)_Bison.png",
  "Bethel University Tennessee": "Bethel_University_Tennessee_Wildcats.png",
  "Bethune-Cookman": "Bethune-Cookman_Wildcats.png",
  "Black Hills State": "Black_Hills_State_Yellow_Jackets.png",
  "Bloomsburg": "Bloomsburg_Huskies.png",
  "Bluffton": "Bluffton_Beavers.png",
  "Boise State": "Boise_State_Broncos.png",
  "Boston College": "Boston_College_Eagles.png",
  "Bowdoin": "Bowdoin_Polar_Bears.png",
  "Bowie State": "Bowie_State_Bulldogs.png",
  "Bowling Green": "Bowling_Green_Falcons.png",
  "Bridgewater (VA)": "Bridgewater_(VA)_Eagles.png",
  "Bridgewater State": "Bridgewater_State_Bears.png",
  "Brown": "Brown_Bears.png",
  "Bucknell": "Bucknell_Bison.png",
  "Buena Vista": "Buena_Vista_Beavers.png",
  "Buffalo": "Buffalo_Bulls.png",
  "Buffalo State": "Buffalo_State_Bengals.png",
  "Butler": "Butler_Bulldogs.png",
  "Cal Poly": "Cal_Poly_Mustangs.png",
  "California": "California_Golden_Bears.png",
  "California Lutheran University": "California_Lutheran_University_Kingsmen.png",
  "Campbell": "Campbell_Fighting_Camels.png",
  "Campbellsville University": "Campbellsville_University_Tigers.png",
  "Capital": "Capital_Comets.png",
  "Carleton": "Carleton_Knights.png",
  "Carnegie Mellon": "Carnegie_Mellon_Tartans.png",
  "Carroll University (WI)": "Carroll_University_(WI)_Pioneers.png",
  "Carson-Newman College": "Carson-Newman_College_Eagles.png",
  "Carthage": "Carthage_Firebirds.png",
  "Castleton": "Castleton_Spartans.png",
  "Catawba": "Catawba_Indians.png",
  "Catholic": "Catholic_Cardinals.png",
  "Central Arkansas": "Central_Arkansas_Bears.png",
  "Central Connecticut": "Central_Connecticut_Blue_Devils.png",
  "Central Michigan": "Central_Michigan_Chippewas.png",
  "Central Missouri": "Central_Missouri_Mules.png",
  "Central Oklahoma": "Central_Oklahoma_Bronchos.png",
  "Central State (OH)": "Central_State_(OH)_Marauders.png",
  "Central Washington": "Central_Washington_Wildcats.png",
  "Centre College Kentucky": "Centre_College_Kentucky_Colonels.png",
  "Chadron St": "Chadron_St_Eagles.png",
  "Chapman": "Chapman_Panthers.png",
  "Charleston Southern": "Charleston_Southern_Buccaneers.png",
  "Charlotte": "Charlotte_49ers.png",
  "Chattanooga": "Chattanooga_Mocs.png",
  "Chicago": "Chicago_Maroons.png",
  "Cincinnati": "Cincinnati_Bearcats.png",
  "Claremont-Mudd-Scripps College": "Claremont-Mudd-Scripps_College_Stags_Athenas.png",
  "Clarion": "Clarion_Golden_Eagles.png",
  "Clemson": "Clemson_Tigers.png",
  "Coastal Carolina": "Coastal_Carolina_Chanticleers.png",
  "Coe College": "Coe_College_Kohawks.png",
  "Colby College": "Colby_College_White_Mules.png",
  "Colgate": "Colgate_Raiders.png",
  "College Of New Jersey": "College_Of_New_Jersey_Lions.png",
  "Colorado": "Colorado_Buffaloes.png",
  "Colorado Mesa": "Colorado_Mesa_Mavericks.png",
  "Colorado School Of Mines": "Colorado_School_Of_Mines_Orediggers.png",
  "Colorado State": "Colorado_State_Rams.png",
  "Columbia": "Columbia_Lions.png",
  "Concord University": "Concord_University_Mountain_Lions.png",
  "Concordia Moorhead": "Concordia_Moorhead_Cobbers.png",
  "Concordia University Chicago": "Concordia_University_Chicago_Cougars.png",
  "Concordia-Wisconsin": "Concordia-Wisconsin_Falcons.png",
  "Cornell": "Cornell_Big_Red.png",
  "Cornell College (IA)": "Cornell_College_(IA)_Rams.png",
  "Crown College": "Crown_College_Polars.png",
  "Curry College": "Curry_College_Colonels.png",
  "Dakota State University": "Dakota_State_University_Trojans.png",
  "Dartmouth": "Dartmouth_Big_Green.png",
  "Davidson": "Davidson_Wildcats.png",
  "Dayton": "Dayton_Flyers.png",
  "Defiance College": "Defiance_College_Yellow_Jackets.png",
  "Delaware": "Delaware_Blue_Hens.png",
  "Delaware State": "Delaware_State_Hornets.png",
  "Delta State": "Delta_State_Statesmen.png",
  "Denison University": "Denison_University_Big_Red.png",
  "Depauw": "Depauw_Tigers.png",
  "Des Moines": "Des_Moines_Vikings.png",
  "Dickinson (PA)": "Dickinson_(PA)_Red_Devils.png",
  "Dickinson State University": "Dickinson_State_University_Blue_Hawks.png",
  "Drake": "Drake_Bulldogs.png",
  "Dubuque": "Dubuque_Spartans.png",
  "Duke": "Duke_Blue_Devils.png",
  "Duquesne": "Duquesne_Dukes.png",
  "East Carolina": "East_Carolina_Pirates.png",
  "East Central (OK)": "East_Central_(OK)_Tigers.png",
  "East Stroudsburg University": "East_Stroudsburg_University_Warriors.png",
  "East Tennessee State": "East_Tennessee_State_Buccaneers.png",
  "East Texas Baptist University": "East_Texas_Baptist_University_Tigers.png",
  "Eastern Illinois": "Eastern_Illinois_Panthers.png",
  "Eastern Kentucky": "Eastern_Kentucky_Colonels.png",
  "Eastern Michigan": "Eastern_Michigan_Eagles.png",
  "Eastern New Mexico": "Eastern_New_Mexico_Greyhounds.png",
  "Eastern Washington": "Eastern_Washington_Eagles.png",
  "Edinboro University": "Edinboro_University_Fighting_Scots.png",
  "Edward Waters": "Edward_Waters_Tigers.png",
  "Elizabeth City State": "Elizabeth_City_State_Vikings.png",
  "Elmhurst": "Elmhurst_Bluejays.png",
  "Elon": "Elon_Phoenix.png",
  "Emory & Henry College": "Emory_and_Henry_College_Wasps.png",
  "Emporia State University": "Emporia_State_University_Hornets.png",
  "Endicott College": "Endicott_College_Gulls.png",
  "Eureka College": "Eureka_College_Red_Devils.png",
  "FDU-Florham": "FDU-Florham_Devils.png",
  "Fayetteville State": "Fayetteville_State_Broncos.png",
  "Ferris State": "Ferris_State_Bulldogs.png",
  "Ferrum": "Ferrum_Panthers.png",
  "Findlay": "Findlay_Oilers.png",
  "Fitchburg State": "Fitchburg_State_Falcons.png",
  "Florida A&M": "Florida_AandM_Rattlers.png",
  "Florida Atlantic": "Florida_Atlantic_Owls.png",
  "Florida": "Florida_Gators.png",
  "Florida International": "Florida_International_Panthers.png",
  "Florida State": "Florida_State_Seminoles.png",
  "Fordham": "Fordham_Rams.png",
  "Fort Hays State": "Fort_Hays_State_Tigers.png",
  "Fort Lewis": "Fort_Lewis_Skyhawks.png",
  "Fort Valley State": "Fort_Valley_State_Wildcats.png",
  "Franklin & Marshall": "Franklin_and_Marshall_Diplomats.png",
  "Franklin": "Franklin_Grizzlies.png",
  "Fresno State": "Fresno_State_Bulldogs.png",
  "Frostburg State": "Frostburg_State_Bobcats.png",
  "Furman": "Furman_Paladins.png",
  "Gallaudet": "Gallaudet_Bison.png",
  "Gannon": "Gannon_Golden_Knights.png",
  "Gardner-Webb": "Gardner-Webb_Runnin'_Bulldogs.png",
  "Geneva": "Geneva_Golden_Tornadoes.png",
  "George Mason University": "George_Mason_University_Patriots.png",
  "Georgetown College Kentucky": "Georgetown_College_Kentucky_Tigers.png",
  "Georgetown": "Georgetown_Hoyas.png",
  "Georgia": "Georgia_Bulldogs.png",
  "Georgia Southern": "Georgia_Southern_Eagles.png",
  "Georgia State": "Georgia_State_Panthers.png",
  "Georgia Tech": "Georgia_Tech_Yellow_Jackets.png",
  "Gettysburg": "Gettysburg_Bullets.png",
  "Glenville State": "Glenville_State_Pioneers.png",
  "Graceland University": "Graceland_University_Graceland.png",
  "Grand Valley State University": "Grand_Valley_State_University_Lakers.png",
  "Greensboro College": "Greensboro_College_Pride.png",
  "Greenville": "Greenville_Panthers.png",
  "Grinnell": "Grinnell_Pioneers.png",
  "Grove City College": "Grove_City_College_Wolverines.png",
  "Guilford College": "Guilford_College_Quakers.png",
  "Hamilton": "Hamilton_Continentals.png",
  "Hamline University": "Hamline_University_Pipers.png",
  "Hampden-Sydney": "Hampden-Sydney_Tigers.png",
  "Hampton": "Hampton_Pirates.png",
  "Hanover College": "Hanover_College_Panthers.png",
  "Harding University": "Harding_University_Bisons.png",
  "Hartwick": "Hartwick_Hawks.png",
  "Harvard": "Harvard_Crimson.png",
  "Hawai'i": "Hawai'i_Rainbow_Warriors.png",
  "Heidelberg": "Heidelberg_Student_Princes.png",
  "Henderson State": "Henderson_State_Reddies.png",
  "Hendrix College": "Hendrix_College_Warriors.png",
  "Hillsdale": "Hillsdale_Chargers.png",
  "Hiram College": "Hiram_College_Terriers.png",
  "Hobart College": "Hobart_College_Statesmen.png",
  "Holy Cross": "Holy_Cross_Crusaders.png",
  "Houston Christian": "Houston_Christian_Huskies.png",
  "Houston": "Houston_Cougars.png",
  "Howard": "Howard_Bison.png",
  "Husson": "Husson_Eagles.png",
  "Idaho State": "Idaho_State_Bengals.png",
  "Idaho": "Idaho_Vandals.png",
  "Illinois College": "Illinois_College_Blueboys.png",
  "Illinois": "Illinois_Fighting_Illini.png",
  "Illinois State": "Illinois_State_Redbirds.png",
  "Illinois Wesleyan": "Illinois_Wesleyan_Titans.png",
  "Indiana": "Indiana_Hoosiers.png",
  "Indiana State": "Indiana_State_Sycamores.png",
  "Indiana-Pennsylvania": "Indiana-Pennsylvania_Crimson_Hawks.png",
  "Indianapolis": "Indianapolis_Greyhounds.png",
  "Iowa": "Iowa_Hawkeyes.png",
  "Iowa State": "Iowa_State_Cyclones.png",
  "Ithaca College": "Ithaca_College_Bombers.png",
  "Jackson State": "Jackson_State_Tigers.png",
  "Jacksonville State": "Jacksonville_State_Gamecocks.png",
  "James Madison": "James_Madison_Dukes.png",
  "John Carroll University": "John_Carroll_University_Blue_Streaks.png",
  "Johns Hopkins University": "Johns_Hopkins_University_Blue_Jays.png",
  "Johnson C Smith": "Johnson_C_Smith_Golden_Bulls.png",
  "Juniata College": "Juniata_College_Eagles.png",
  "Kalamazoo": "Kalamazoo_Hornets.png",
  "Kansas": "Kansas_Jayhawks.png",
  "Kansas State": "Kansas_State_Wildcats.png",
  "Kennesaw State": "Kennesaw_State_Owls.png",
  "Kent State": "Kent_State_Golden_Flashes.png",
  "Kentucky State": "Kentucky_State_Thorobreds.png",
  "Kentucky Wesleyan": "Kentucky_Wesleyan_Panthers.png",
  "Kentucky": "Kentucky_Wildcats.png",
  "Kenyon": "Kenyon_Owls.png",
  "King's College (PA)": "King's_College_(PA)_Monarchs.png",
  "Knox College": "Knox_College_Prairie_Fire.png",
  "Kutztown University": "Kutztown_University_Golden_Bears.png",
  "LSU": "LSU_Tigers.png",
  "La Verne": "La_Verne_Leopards.png",
  "Lafayette": "Lafayette_Leopards.png",
  "Lagrange College": "Lagrange_College_Panthers.png",
  "Lake Erie": "Lake_Erie_Storm.png",
  "Lake Forest College": "Lake_Forest_College_Foresters.png",
  "Lamar": "Lamar_Cardinals.png",
  "Lane College": "Lane_College_Dragons.png",
  "Lawrence University": "Lawrence_University_Vikings.png",
  "Lebanon Valley": "Lebanon_Valley_Flying_Dutchmen.png",
  "Lehigh": "Lehigh_Mountain_Hawks.png",
  "Lenoir-Rhyne": "Lenoir-Rhyne_Bears.png",
  "Lewis & Clark College": "Lewis_and_Clark_College_Pioneers.png",
  "Liberty": "Liberty_Flames.png",
  "Lincoln (PA)": "Lincoln_(PA)_Lions.png",
  "Linfield College": "Linfield_College_Wildcats.png",
  "Lock Haven University": "Lock_Haven_University_Bald_Eagles.png",
  "Long Island University": "Long_Island_University_Sharks.png",
  "Loras College": "Loras_College_Duhawks.png",
  "Louisiana College": "Louisiana_College_Wildcats.png",
  "Louisiana": "Louisiana_Ragin'_Cajuns.png",
  "Louisiana Tech": "Louisiana_Tech_Bulldogs.png",
  "Louisville": "Louisville_Cardinals.png",
  "Luther": "Luther_Norse.png",
  "Lycoming": "Lycoming_Warriors.png",
  "MIT": "MIT_Engineers.png",
  "Macalester": "Macalester_Scots.png",
  "Maine": "Maine_Black_Bears.png",
  "Manchester": "Manchester_Spartans.png",
  "Mansfield University": "Mansfield_University_Mountaineers.png",
  "Marietta": "Marietta_Pioneers.png",
  "Marist": "Marist_Red_Foxes.png",
  "Mars Hill": "Mars_Hill_Lions.png",
  "Marshall": "Marshall_Thundering_Herd.png",
  "Martin Luther": "Martin_Luther_Knights.png",
  "Mary Hardin-Baylor": "Mary_Hardin-Baylor_Crusaders.png",
  "Maryland": "Maryland_Terrapins.png",
  "Maryville College (TN)": "Maryville_College_(TN)_Scots.png",
  "Mass Maritime": "Mass_Maritime_Buccaneers.png",
  "Massachusetts": "Massachusetts_Minutemen.png",
  "McMurry": "McMurry_War_Hawks.png",
  "McNeese": "McNeese_Cowboys.png",
  "Memphis": "Memphis_Tigers.png",
  "Mercer": "Mercer_Bears.png",
  "Merchant Marine Academy": "Merchant_Marine_Academy_Mariners.png",
  "Mercyhurst": "Mercyhurst_Lakers.png",
  "Methodist": "Methodist_Monarchs.png",
  "Miami (OH)": "Miami_(OH)_RedHawks.png",
  "Miami": "Miami_Hurricanes.png",
  "Michigan State": "Michigan_State_Spartans.png",
  "Michigan Tech": "Michigan_Tech_Huskies.png",
  "Michigan": "Michigan_Wolverines.png",
  "Middle Tennessee": "Middle_Tennessee_Blue_Raiders.png",
  "Middlebury": "Middlebury_Panthers.png",
  "Miles College": "Miles_College_Golden_Bears.png",
  "Millersville": "Millersville_Marauders.png",
  "Millikin": "Millikin_Big_Blue.png",
  "Millsaps": "Millsaps_Majors.png",
  "Minnesota Duluth": "Minnesota_Duluth_Bulldogs.png",
  "Minnesota": "Minnesota_Golden_Gophers.png",
  "Minnesota Morris": "Minnesota_Morris_Cougars.png",
  "Minnesota State": "Minnesota_State_Mavericks.png",
  "Minot State": "Minot_State_Beavers.png",
  "Mississippi State": "Mississippi_State_Bulldogs.png",
  "Mississippi Valley State": "Mississippi_Valley_State_Delta_Devils.png",
  "Missouri S&T": "Missouri_SandT_Miners.png",
  "Missouri Southern State": "Missouri_Southern_State_Lions.png",
  "Missouri": "Missouri_Tigers.png",
  "Missouri Western": "Missouri_Western_Griffons.png",
  "Monmouth": "Monmouth_Hawks.png",
  "Montana": "Montana_Grizzlies.png",
  "Montana State": "Montana_State_Bobcats.png",
  "Moravian": "Moravian_Greyhounds.png",
  "Morehead State": "Morehead_State_Eagles.png",
  "Morehouse College": "Morehouse_College_Maroon_Tigers.png",
  "Morgan State": "Morgan_State_Bears.png",
  "Morningside College": "Morningside_College_Chiefs.png",
  "Mount St. Joseph": "Mount_St._Joseph_Lions.png",
  "Muhlenberg": "Muhlenberg_Mules.png",
  "Murray State": "Murray_State_Racers.png",
  "Muskingum University": "Muskingum_University_Fighting_Muskies.png",
  "NC State": "NC_State_Wolfpack.png",
  "NEWBERG": "NEWBERG_Bruins.png",
  "Navy": "Navy_Midshipmen.png",
  "Nebraska": "Nebraska_Cornhuskers.png",
  "Nebraska-Kearney": "Nebraska-Kearney_Lopers.png",
  "Nevada": "Nevada_Wolf_Pack.png",
  "New Hampshire": "New_Hampshire_Wildcats.png",
  "New Haven": "New_Haven_Chargers.png",
  "New Mexico Highlands": "New_Mexico_Highlands_Cowboys.png",
  "New Mexico": "New_Mexico_Lobos.png",
  "New Mexico State": "New_Mexico_State_Aggies.png",
  "Newberry": "Newberry_Wolves.png",
  "Nicholls": "Nicholls_Colonels.png",
  "Norfolk State": "Norfolk_State_Spartans.png",
  "North Alabama": "North_Alabama_Lions.png",
  "North Carolina A&T": "North_Carolina_AandT_Aggies.png",
  "North Carolina Central": "North_Carolina_Central_Eagles.png",
  "North Carolina": "North_Carolina_Tar_Heels.png",
  "North Carolina Wesleyan": "North_Carolina_Wesleyan_Battling_Bishops.png",
  "North Dakota": "North_Dakota_Fighting_Hawks.png",
  "North Dakota State": "North_Dakota_State_Bison.png",
  "North Park": "North_Park_Vikings.png",
  "North Texas": "North_Texas_Mean_Green.png",
  "Northeastern State": "Northeastern_State_RiverHawks.png",
  "Northern Arizona": "Northern_Arizona_Lumberjacks.png",
  "Northern Colorado": "Northern_Colorado_Bears.png",
  "Northern Illinois": "Northern_Illinois_Huskies.png",
  "Northern Iowa": "Northern_Iowa_Panthers.png",
  "Northern Michigan": "Northern_Michigan_Wildcats.png",
  "Northwest Missouri St": "Northwest_Missouri_St_Bearcats.png",
  "Northwestern (MN)": "Northwestern_(MN)_Eagles.png",
  "Northwestern State": "Northwestern_State_Demons.png",
  "Northwestern": "Northwestern_Wildcats.png",
  "Norwich": "Norwich_Cadets.png",
  "Notre Dame": "Notre_Dame_Fighting_Irish.png",
  "Oberlin": "Oberlin_Yeomen.png",
  "Ohio": "Ohio_Bobcats.png",
  "Ohio Northern": "Ohio_Northern_Polar_Bears.png",
  "Ohio State": "Ohio_State_Buckeyes.png",
  "Oklahoma Baptist": "Oklahoma_Baptist_Bison.png",
  "Oklahoma": "Oklahoma_Sooners.png",
  "Oklahoma State": "Oklahoma_State_Cowboys.png",
  "Old Dominion": "Old_Dominion_Monarchs.png",
  "Ole Miss": "Ole_Miss_Rebels.png",
  "Olivet": "Olivet_Comets.png",
  "Oregon": "Oregon_Ducks.png",
  "Oregon State": "Oregon_State_Beavers.png",
  "Otterbein": "Otterbein_Cardinals.png",
  "Pace": "Pace_Setters.png",
  "Pacific (OR)": "Pacific_(OR)_Boxers.png",
  "Pacific Lutheran": "Pacific_Lutheran_Lutes.png",
  "Penn State": "Penn_State_Nittany_Lions.png",
  "Pennsylvania": "Pennsylvania_Quakers.png",
  "Pikeville": "Pikeville_Bears.png",
  "Pittsburg St": "Pittsburg_St_Gorillas.png",
  "Pittsburgh": "Pittsburgh_Panthers.png",
  "Portland State": "Portland_State_Vikings.png",
  "Prairie View A&M": "Prairie_View_AandM_Panthers.png",
  "Presbyterian": "Presbyterian_Blue_Hose.png",
  "Princeton": "Princeton_Tigers.png",
  "Redlands": "Redlands_Bulldogs.png",
  "Rhode Island": "Rhode_Island_Rams.png",
  "Rice": "Rice_Owls.png",
  "Richmond": "Richmond_Spiders.png",
  "Rose-Hulman": "Rose-Hulman_Fightin'_Engineers.png",
  "Rutgers": "Rutgers_Scarlet_Knights.png",
  "Sacramento State": "Sacramento_State_Hornets.png",
  "Saginaw Valley State": "Saginaw_Valley_State_Cardinals.png",
  "San Diego State": "San_Diego_State_Aztecs.png",
  "San Diego": "San_Diego_Toreros.png",
  "San Jos\u00e9 State": "San_Jos\u00e9_State_Spartans.png",
  "Seton Hill": "Seton_Hill_Griffins.png",
  "Slippery Rock": "Slippery_Rock_The_Rock.png",
  "South Alabama": "South_Alabama_Jaguars.png",
  "South Dakota": "South_Dakota_Coyotes.png",
  "South Dakota Mines": "South_Dakota_Mines_Hardrockers.png",
  "South Florida": "South_Florida_Bulls.png",
  "Southeastern Oklahoma State": "Southeastern_Oklahoma_State_Savage_Storm.png",
  "Southern Illinois": "Southern_Illinois_Salukis.png",
  "Southern Nazarene": "Southern_Nazarene_Crimson_Storm.png",
  "Southern Utah": "Southern_Utah_Thunderbirds.png",
  "Springfield": "Springfield_Pride.png",
  "St John Fisher University": "St_John_Fisher_University_Cardinals.png",
  "St. Olaf": "St._Olaf_Oles.png",
  "St. Scholastica": "St._Scholastica_Saints.png",
  "Stanford": "Stanford_Cardinal.png",
  "Stetson": "Stetson_Hatters.png",
  "Stevenson": "Stevenson_Mustangs.png",
  "Stonehill": "Stonehill_Skyhawks.png",
  "Susquehanna": "Susquehanna_River_Hawks.png",
  "Syracuse": "Syracuse_Orange.png",
  "Temple": "Temple_Owls.png",
  "Texas A&M": "Texas_AandM_Aggies.png",
  "Texas": "Texas_Longhorns.png",
  "Texas State": "Texas_State_Bobcats.png",
  "Texas Tech": "Texas_Tech_Red_Raiders.png",
  "Towson": "Towson_Tigers.png",
  "Trinity University TX": "Trinity_University_TX_Tigers.png",
  "Tufts": "Tufts_Jumbos.png",
  "Tulsa": "Tulsa_Golden_Hurricane.png",
  "UAB": "UAB_Blazers.png",
  "UAlbany": "UAlbany_Great_Danes.png",
  "UC Davis": "UC_Davis_Aggies.png",
  "UCF": "UCF_Knights.png",
  "UCLA": "UCLA_Bruins.png",
  "UConn": "UConn_Huskies.png",
  "UL Monroe": "UL_Monroe_Warhawks.png",
  "UMass Dartmouth": "UMass_Dartmouth_Corsairs.png",
  "UNLV": "UNLV_Rebels.png",
  "USC": "USC_Trojans.png",
  "Union": "Union_Garnet_Chargers.png",
  "University Of Charleston (WV)": "University_Of_Charleston_(WV)_Golden_Eagles.png",
  "University of Mary": "University_of_Mary_Marauders.png",
  "University of Mount Union": "University_of_Mount_Union_Raiders.png",
  "University of Rochester (NY)": "University_of_Rochester_(NY)_Yellow_Jackets.png",
  "Upper Iowa University": "Upper_Iowa_University_Peacocks.png",
  "Utah State": "Utah_State_Aggies.png",
  "Utah": "Utah_Utes.png",
  "Utica": "Utica_Pioneers.png",
  "Vanderbilt": "Vanderbilt_Commodores.png",
  "Villanova": "Villanova_Wildcats.png",
  "Virginia": "Virginia_Cavaliers.png",
  "Virginia St": "Virginia_St_Trojans.png",
  "Virginia Tech": "Virginia_Tech_Hokies.png",
  "Wabash College": "Wabash_College_Little_Giants.png",
  "Wake Forest": "Wake_Forest_Demon_Deacons.png",
  "Washington": "Washington_Huskies.png",
  "Washington State": "Washington_State_Cougars.png",
  "Washington University (St. Louis)": "Washington_University_(St._Louis)_Bears.png",
  "Wayne State (MI)": "Wayne_State_(MI)_Warriors.png",
  "Wesleyan University (CT)": "Wesleyan_University_(CT)_Cardinals.png",
  "West Chester": "West_Chester_Golden_Rams.png",
  "West Virginia": "West_Virginia_Mountaineers.png",
  "West Virginia Wesleyan": "West_Virginia_Wesleyan_Bobcats.png",
  "Western Kentucky": "Western_Kentucky_Hilltoppers.png",
  "Westminster College (MO)": "Westminster_College_(MO)_Blue_Jays.png",
  "Wheaton": "Wheaton_Thunder.png",
  "Wilkes": "Wilkes_Colonels.png",
  "Wingate": "Wingate_Bulldogs.png",
  "Wisconsin": "Wisconsin_Badgers.png",
  "Wisconsin-Oshkosh": "Wisconsin-Oshkosh_Titans.png",
  "Wisconsin-Platteville": "Wisconsin-Platteville_Pioneers.png",
  "Worcester St": "Worcester_St_Lancers.png",
  "Yale": "Yale_Bulldogs.png"
}